round1,round2,round3,round4,round5
0,0,0,0,0
1,1,1,1,1
2,2,3,27,28
3,3,6,28,31
4,5,10,31,37
5,6,23,35,41
6,8,26,37,42
7,10,27,41,50
8,11,28,42,51
9,13,31,49,52
10,15,34,50,59
11,16,35,51,69
12,22,37,52,80
13,23,40,53,81
14,25,41,58,91
15,26,42,59,92
16,27,48,68,93
17,28,49,69,95
18,31,50,79,96
19,33,51,80,101
20,34,52,81,102
21,35,53,85,106
22,37,54,90,107
23,39,57,91,108
24,40,58,92,109
25,41,59,93,110
26,42,64,94,120
27,43,67,95,121
28,45,68,96,180
29,47,69,101,184
30,48,72,102,188
31,49,78,105,189
32,50,79,106,196
33,51,80,107,197
34,52,81,108,198
35,53,84,109,199
36,54,85,110,204
37,55,89,119,205
38,57,90,120,206
39,58,91,121,207
40,59,92,134,208
41,61,93,163,213
42,63,94,178,214
43,64,95,180,284
44,66,96,183,289
45,67,97,184,294
46,68,100,187,299
47,69,101,188,300
48,70,102,189,303
49,72,104,195,308
50,75,105,196,310
51,77,106,197,311
52,78,107,198,316
53,79,108,199,317
54,80,109,200,318
55,81,110,203,320
56,83,114,204,321
57,84,117,205,347
58,85,118,206,369
59,87,119,207,401
60,89,120,208,402
61,90,121,213,404
62,91,124,214,405
63,92,132,244,418
64,93,133,250,419
65,94,134,283,465
66,95,139,284,474
67,96,145,285,476
68,97,146,287,477
69,99,156,289,478
70,100,162,290,482
71,101,163,294,483
72,102,170,298,494
73,104,171,299,495
74,105,177,300,498
75,106,178,303,500
76,107,179,307,508
77,108,180,308,509
78,109,183,310,510
79,110,184,311,515
80,114,186,312,525
81,116,187,316,526
82,117,188,317,527
83,118,189,318,528
84,119,194,319,529
85,120,195,320,533
86,121,196,321,540
87,123,197,346,563
88,124,198,347,565
89,126,199,352,566
90,128,200,359,577
91,130,201,361,582
92,131,202,368,617
93,132,203,369,631
94,133,204,372,632
95,134,205,373,633
96,135,206,401,637
97,136,207,402,644
98,138,208,403,645
99,139,212,404,652
100,142,213,405,653
101,144,214,415,659
102,145,218,417,676
103,146,228,418,686
104,149,231,419,687
105,152,243,433,694
106,154,244,450,696
107,156,249,451,699
108,158,250,453,700
109,161,262,464,701
110,162,267,465,702
111,163,274,467,703
112,165,283,468,704
113,167,284,470,705
114,169,285,474,707
115,170,287,475,708
116,171,288,476,742
117,173,289,477,761
118,176,290,478,784
119,177,293,481,786
120,178,294,482,788
121,179,297,483,790
122,180,298,493,795
123,182,299,494,796
124,183,300,495,797
125,184,303,497,798
126,185,306,498,799
127,186,307,499,803
128,187,308,500,808
129,188,310,506,818
130,189,311,508,836
131,194,312,509,837
132,195,313,510,838
133,196,316,514,839
134,197,317,515,840
135,198,318,519,841
136,199,319,524,844
137,200,320,525,906
138,201,321,526,912
139,202,328,527,913
140,203,345,528,914
141,204,346,529,915
142,205,347,532,924
143,206,351,533,925
144,207,352,538,926
145,208,358,540,943
146,211,359,542,944
147,212,361,562,945
148,213,366,563,947
149,214,367,565,948
150,217,368,566,966
151,218,369,568,976
152,227,372,571,1014
153,228,373,577,1018
154,230,376,581,1019
155,231,381,582,1023
156,235,397,593,1028
157,240,399,603,1029
158,242,400,613,1049
159,243,401,617,1050
160,244,402,629,1051
161,247,403,630,1071
162,249,404,631,1073
163,250,405,632,1098
164,253,414,633,1101
165,255,415,634,1104
166,258,417,636,1106
167,260,418,637,1107
168,262,419,643,1109
169,266,426,644,1110
170,267,429,645,1123
171,271,432,651,1127
172,274,433,652,1128
173,275,441,653,1136
174,277,449,658,1137
175,280,450,659,1141
176,282,451,675,1153
177,283,452,676,1155
178,284,453,685,1156
179,285,455,686,1157
180,287,458,687,1158
181,288,463,693,1161
182,289,464,694,1163
183,290,465,695,1178
184,292,467,696,1179
185,293,468,698,1180
186,294,469,699,1202
187,296,470,700,1203
188,297,474,701,1228
189,298,475,702,1238
190,299,476,703,1257
191,300,477,704,1265
192,302,478,705,1274
193,303,481,706,1281
194,305,482,707,1282
195,306,483,708,1283
196,307,486,736,1284
197,308,491,737,1285
198,309,492,741,1289
199,310,493,742,1291
200,311,494,757,1292
201,312,495,761,1293
202,313,496,772,1295
203,315,497,773,1299
204,316,498,781,1301
205,317,499,783,1302
206,318,500,784,1309
207,319,504,785,1322
208,320,505,786,1325
209,321,506,787,1329
210,323,507,788,1331
211,327,508,789,1365
212,328,509,790,1366
213,334,510,794,1397
214,336,511,795,1415
215,345,514,796,1428
216,346,515,797,1441
217,347,518,798,1442
218,349,519,799,1474
219,351,523,802,1480
220,352,524,803,1481
221,355,525,807,1482
222,357,526,808,1493
223,358,527,816,1494
224,359,528,817,1498
225,360,529,818,1502
226,361,531,819,1503
227,362,532,835,1524
228,365,533,836,1534
229,366,537,837,1535
230,367,538,838,1536
231,368,540,839,1543
232,369,541,840,1559
233,372,542,841,1560
234,373,547,842,1561
235,375,552,843,1562
236,376,562,844,1563
237,380,563,846,1564
238,381,565,850,1566
239,386,566,905,1567
240,391,567,906,1568
241,393,568,911,1569
242,396,570,912,1571
243,397,571,913,1572
244,399,577,914,1581
245,400,580,915,1602
246,401,581,918,1611
247,402,582,919,1616
248,403,592,924,1648
249,404,593,925,1691
250,405,602,926,1692
251,407,603,927,1694
252,413,609,933,1695
253,414,612,943,1725
254,415,613,944,1728
255,416,617,945,1729
256,417,620,946,1736
257,418,629,947,1749
258,419,630,948,1761
259,422,631,953,1767
260,425,632,955,1781
261,426,633,965,1786
262,428,634,966,1791
263,429,635,975,1793
264,431,636,976,1794
265,432,637,979,1795
266,433,642,998,1798
267,435,643,1013,1800
268,440,644,1014,1801
269,441,645,1018,1811
270,445,650,1019,1812
271,448,651,1023,1835
272,449,652,1028,1840
273,450,653,1029,1842
274,451,657,1036,1876
275,452,658,1044,1877
276,453,659,1049,1889
277,455,662,1050,1914
278,457,666,1051,1922
279,458,667,1068,1923
280,462,675,1071,1924
281,463,676,1072,1925
282,464,678,1073,1926
283,465,683,1076,1927
284,466,685,1095,1928
285,467,686,1098,1929
286,468,687,1101,1942
287,469,692,1103,1943
288,470,693,1104,1947
289,473,694,1105,1948
290,474,695,1106,1955
291,475,696,1107,1956
292,476,697,1108,1957
293,477,698,1109,1966
294,478,699,1110,1967
295,479,700,1116,1968
296,481,701,1122,1969
297,482,702,1123,1973
298,483,703,1126,1980
299,485,704,1127,1986
300,486,705,1128,1987
301,488,706,1136,2016
302,490,707,1137,2022
303,491,708,1138,2037
304,492,732,1140,2046
305,493,735,1141,2047
306,494,736,1148,2048
307,495,737,1152,2049
308,496,740,1153,2109
309,497,741,1154,2114
310,498,742,1155,2129
311,499,756,1156,2130
312,500,757,1157,2153
313,501,761,1158,2154
314,503,772,1160,2155
315,504,773,1161,2156
316,505,777,1163,2157
317,506,780,1175,2178
318,507,781,1177,2179
319,508,783,1178,2189
320,509,784,1179,2190
321,510,785,1180,2192
322,511,786,1191,2193
323,513,787,1195,2196
324,514,788,1196,2197
325,515,789,1201,2220
326,517,790,1202,2221
327,518,792,1203,2222
328,519,794,1228,2233
329,521,795,1232,2234
330,523,796,1237,2250
331,524,797,1238,2251
332,525,798,1256,2260
333,526,799,1257,2261
334,527,801,1258,2262
335,528,802,1264,2263
336,529,803,1265,2264
337,530,806,1273,2265
338,531,807,1274,2269
339,532,808,1276,2270
340,533,811,1280,2271
341,536,815,1281,2272
342,537,816,1282,2273
343,538,817,1283,2277
344,539,818,1284,2278
345,540,819,1285,2279
346,541,821,1289,2280
347,542,825,1290,2281
348,546,833,1291,2286
349,547,835,1292,2287
350,551,836,1293,2288
351,552,837,1294,2289
352,558,838,1295,2299
353,561,839,1299,2300
354,562,840,1300,2301
355,563,841,1301,2302
356,565,842,1302,2304
357,566,843,1303,2312
358,567,844,1307,
359,568,845,1309,
360,570,846,1313,
361,571,849,1319,
362,573,850,1322,
363,575,858,1323,
364,577,876,1324,
365,579,887,1325,
366,580,890,1327,
367,581,893,1328,
368,582,895,1329,
369,584,900,1330,
370,587,904,1331,
371,591,905,1360,
372,592,906,1361,
373,593,910,1364,
374,596,911,1365,
375,601,912,1366,
376,602,913,1371,
377,603,914,1391,
378,606,915,1396,
379,608,917,1397,
380,609,918,1400,
381,611,919,1413,
382,612,924,1415,
383,613,925,1425,
384,617,926,1426,
385,619,927,1428,
386,620,931,1440,
387,623,932,1441,
388,628,933,1442,
389,629,942,1462,
390,630,943,1473,
391,631,944,1474,
392,632,945,1480,
393,633,946,1481,
394,634,947,1482,
395,635,948,1492,
396,636,952,1493,
397,637,953,1494,
398,639,955,1495,
399,641,956,1498,
400,642,959,1501,
401,643,964,1502,
402,644,965,1503,
403,645,966,1505,
404,650,974,1511,
405,651,975,1523,
406,652,976,1524,
407,653,978,1529,
408,656,979,1531,
409,657,987,1532,
410,658,988,1533,
411,659,994,1534,
412,661,998,1535,
413,662,1012,1536,
414,664,1013,1540,
415,666,1014,1542,
416,667,1018,1543,
417,669,1019,1552,
418,671,1023,1558,
419,674,1025,1559,
420,675,1027,1560,
421,676,1028,1561,
422,677,1029,1562,
423,678,1035,1563,
424,682,1036,1564,
425,683,1043,1565,
426,685,1044,1566,
427,686,1049,1567,
428,687,1050,1568,
429,689,1051,1569,
430,691,1067,1570,
431,692,1068,1571,
432,693,1070,1572,
433,694,1071,1577,
434,695,1072,1581,
435,696,1073,1601,
436,697,1076,1602,
437,698,1082,1605,
438,699,1085,1606,
439,700,1086,1607,
440,701,1094,1608,
441,702,1095,1610,
442,703,1098,1611,
443,704,1100,1615,
444,705,1101,1616,
445,706,1102,1636,
446,707,1103,1637,
447,708,1104,1647,
448,711,1105,1648,
449,720,1106,1674,
450,726,1107,1688,
451,728,1108,1691,
452,731,1109,1692,
453,732,1110,1694,
454,734,1111,1695,
455,735,1115,1701,
456,736,1116,1719,
457,737,1118,1724,
458,739,1121,1725,
459,740,1122,1727,
460,741,1123,1728,
461,742,1125,1729,
462,746,1126,1735,
463,752,1127,1736,
464,754,1128,1748,
465,756,1130,1749,
466,757,1132,1760,
467,761,1135,1761,
468,765,1136,1763,
469,767,1137,1766,
470,772,1138,1767,
471,773,1139,1780,
472,776,1140,1781,
473,777,1141,1782,
474,779,1144,1785,
475,780,1147,1786,
476,781,1148,1790,
477,783,1151,1791,
478,784,1152,1792,
479,785,1153,1793,
480,786,1154,1794,
481,787,1155,1795,
482,788,1156,1798,
483,789,1157,1799,
484,790,1158,1800,
485,792,1159,1801,
486,793,1160,1807,
487,794,1161,1810,
488,795,1163,1811,
489,796,1165,1812,
490,797,1168,1820,
491,798,1174,1823,
492,799,1175,1834,
493,800,1176,1835,
494,801,1177,1840,
495,802,1178,1841,
496,803,1179,1842,
497,805,1180,1851,
498,806,1188,1854,
499,807,1190,1861,
500,808,1191,1874,
501,810,1194,1875,
502,811,1195,1876,
503,814,1196,1877,
504,815,1200,1888,
505,816,1201,1889,
506,817,1202,1898,
507,818,1203,1904,
508,819,1207,1913,
509,820,1215,1914,
510,821,1225,1916,
511,823,1228,1917,
512,824,1231,1921,
513,825,1232,1922,
514,827,1233,1923,
515,832,1236,1924,
516,833,1237,1925,
517,834,1238,1926,
518,835,1243,1927,
519,836,1255,1928,
520,837,1256,1929,
521,838,1257,1938,
522,839,1258,1941,
523,840,1260,1942,
524,841,1263,1943,
525,842,1264,1946,
526,843,1265,1947,
527,844,1268,1948,
528,845,1272,1951,
529,846,1273,1955,
530,848,1274,1956,
531,849,1275,1957,
532,850,1276,1959,
533,852,1279,1966,
534,857,1280,1967,
535,858,1281,1968,
536,860,1282,1969,
537,861,1283,1973,
538,866,1284,1979,
539,870,1285,1980,
540,875,1288,1983,
541,876,1289,1985,
542,886,1290,1986,
543,887,1291,1987,
544,889,1292,1988,
545,890,1293,1991,
546,892,1294,1992,
547,893,1295,2010,
548,894,1298,2015,
549,895,1299,2016,
550,899,1300,2021,
551,900,1301,2022,
552,903,1302,2023,
553,904,1303,2036,
554,905,1306,2037,
555,906,1307,2041,
556,909,1308,2045,
557,910,1309,2046,
558,911,1312,2047,
559,912,1313,2048,
560,913,1318,2049,
561,914,1319,2059,
562,915,1322,2073,
563,916,1323,2081,
564,917,1324,2108,
565,918,1325,2109,
566,919,1327,2111,
567,924,1328,2114,
568,925,1329,2116,
569,926,1330,2125,
570,927,1331,2127,
571,930,1335,2128,
572,931,1337,2129,
573,932,1359,2130,
574,933,1360,2141,
575,937,1361,2151,
576,938,1364,2152,
577,941,1365,2153,
578,942,1366,2154,
579,943,1371,2155,
580,944,1383,2156,
581,945,1388,2157,
582,946,1391,2161,
583,947,1395,2162,
584,948,1396,2167,
585,951,1397,2168,
586,952,1400,2172,
587,953,1405,2177,
588,955,1408,2178,
589,956,1413,2179,
590,958,1415,2180,
591,959,1423,2181,
592,963,1424,2182,
593,964,1425,2187,
594,965,1426,2188,
595,966,1427,2189,
596,969,1428,2190,
597,973,1432,2192,
598,974,1436,2193,
599,975,1440,2194,
600,976,1441,2195,
601,978,1442,2196,
602,979,1448,2197,
603,982,1453,2215,
604,983,1461,2220,
605,986,1462,2221,
606,987,1465,2222,
607,988,1472,2232,
608,991,1473,2233,
609,993,1474,2234,
610,994,1479,2238,
611,997,1480,2243,
612,998,1481,2249,
613,1000,1482,2250,
614,1002,1487,2251,
615,1005,1489,2259,
616,1009,1492,2260,
617,1011,1493,2261,
618,1012,1494,2262,
619,1013,1495,2263,
620,1014,1497,2264,
621,1017,1498,2265,
622,1018,1500,2268,
623,1019,1501,2269,
624,1023,1502,2270,
625,1024,1503,2271,
626,1025,1504,2272,
627,1027,1505,2273,
628,1028,1510,2276,
629,1029,1511,2277,
630,1030,1512,2278,
631,1032,1515,2279,
632,1034,1522,2280,
633,1035,1523,2281,
634,1036,1524,2285,
635,1041,1527,2286,
636,1043,1529,2287,
637,1044,1530,2288,
638,1046,1531,2289,
639,1048,1532,2299,
640,1049,1533,2300,
641,1050,1534,2301,
642,1051,1535,2302,
643,1052,1536,2303,
644,1054,1539,2304,
645,1060,1540,2311,
646,1062,1541,2312,
647,1063,1542,,
648,1066,1543,,
649,1067,1550,,
650,1068,1552,,
651,1069,1556,,
652,1070,1558,,
653,1071,1559,,
654,1072,1560,,
655,1073,1561,,
656,1076,1562,,
657,1079,1563,,
658,1081,1564,,
659,1082,1565,,
660,1084,1566,,
661,1085,1567,,
662,1086,1568,,
663,1093,1569,,
664,1094,1570,,
665,1095,1571,,
666,1097,1572,,
667,1098,1573,,
668,1099,1576,,
669,1100,1577,,
670,1101,1581,,
671,1102,1584,,
672,1103,1596,,
673,1104,1600,,
674,1105,1601,,
675,1106,1602,,
676,1107,1605,,
677,1108,1606,,
678,1109,1607,,
679,1110,1608,,
680,1111,1609,,
681,1114,1610,,
682,1115,1611,,
683,1116,1613,,
684,1117,1615,,
685,1118,1616,,
686,1120,1635,,
687,1121,1636,,
688,1122,1637,,
689,1123,1639,,
690,1124,1646,,
691,1125,1647,,
692,1126,1648,,
693,1127,1653,,
694,1128,1658,,
695,1129,1663,,
696,1130,1673,,
697,1131,1674,,
698,1132,1676,,
699,1134,1684,,
700,1135,1687,,
701,1136,1688,,
702,1137,1691,,
703,1138,1692,,
704,1139,1694,,
705,1140,1695,,
706,1141,1700,,
707,1143,1701,,
708,1144,1703,,
709,1146,1705,,
710,1147,1708,,
711,1148,1717,,
712,1150,1719,,
713,1151,1723,,
714,1152,1724,,
715,1153,1725,,
716,1154,1727,,
717,1155,1728,,
718,1156,1729,,
719,1157,1734,,
720,1158,1735,,
721,1159,1736,,
722,1160,1742,,
723,1161,1747,,
724,1163,1748,,
725,1164,1749,,
726,1165,1759,,
727,1167,1760,,
728,1168,1761,,
729,1170,1762,,
730,1173,1763,,
731,1174,1765,,
732,1175,1766,,
733,1176,1767,,
734,1177,1769,,
735,1178,1773,,
736,1179,1778,,
737,1180,1779,,
738,1182,1780,,
739,1185,1781,,
740,1187,1782,,
741,1188,1784,,
742,1190,1785,,
743,1191,1786,,
744,1193,1789,,
745,1194,1790,,
746,1195,1791,,
747,1196,1792,,
748,1197,1793,,
749,1199,1794,,
750,1200,1795,,
751,1201,1797,,
752,1202,1798,,
753,1203,1799,,
754,1207,1800,,
755,1212,1801,,
756,1214,1806,,
757,1215,1807,,
758,1221,1809,,
759,1224,1810,,
760,1225,1811,,
761,1228,1812,,
762,1230,1819,,
763,1231,1820,,
764,1232,1821,,
765,1233,1823,,
766,1235,1829,,
767,1236,1833,,
768,1237,1834,,
769,1238,1835,,
770,1240,1839,,
771,1242,1840,,
772,1243,1841,,
773,1247,1842,,
774,1251,1846,,
775,1254,1850,,
776,1255,1851,,
777,1256,1854,,
778,1257,1860,,
779,1258,1861,,
780,1260,1868,,
781,1262,1869,,
782,1263,1872,,
783,1264,1874,,
784,1265,1875,,
785,1267,1876,,
786,1268,1877,,
787,1270,1880,,
788,1271,1887,,
789,1272,1888,,
790,1273,1889,,
791,1274,1897,,
792,1275,1898,,
793,1276,1904,,
794,1278,1907,,
795,1279,1912,,
796,1280,1913,,
797,1281,1914,,
798,1282,1915,,
799,1283,1916,,
800,1284,1917,,
801,1285,1920,,
802,1286,1921,,
803,1287,1922,,
804,1288,1923,,
805,1289,1924,,
806,1290,1925,,
807,1291,1926,,
808,1292,1927,,
809,1293,1928,,
810,1294,1929,,
811,1295,1935,,
812,1297,1937,,
813,1298,1938,,
814,1299,1941,,
815,1300,1942,,
816,1301,1943,,
817,1302,1945,,
818,1303,1946,,
819,1305,1947,,
820,1306,1948,,
821,1307,1949,,
822,1308,1950,,
823,1309,1951,,
824,1311,1954,,
825,1312,1955,,
826,1313,1956,,
827,1315,1957,,
828,1317,1958,,
829,1318,1959,,
830,1319,1962,,
831,1322,1965,,
832,1323,1966,,
833,1324,1967,,
834,1325,1968,,
835,1327,1969,,
836,1328,1973,,
837,1329,1978,,
838,1330,1979,,
839,1331,1980,,
840,1334,1981,,
841,1335,1983,,
842,1336,1984,,
843,1337,1985,,
844,1339,1986,,
845,1340,1987,,
846,1343,1988,,
847,1344,1989,,
848,1350,1991,,
849,1352,1992,,
850,1354,1994,,
851,1356,2006,,
852,1358,2009,,
853,1359,2010,,
854,1360,2015,,
855,1361,2016,,
856,1364,2020,,
857,1365,2021,,
858,1366,2022,,
859,1368,2023,,
860,1371,2029,,
861,1377,2035,,
862,1382,2036,,
863,1383,2037,,
864,1387,2040,,
865,1388,2041,,
866,1391,2044,,
867,1394,2045,,
868,1395,2046,,
869,1396,2047,,
870,1397,2048,,
871,1400,2049,,
872,1402,2050,,
873,1404,2051,,
874,1405,2058,,
875,1407,2059,,
876,1408,2060,,
877,1409,2069,,
878,1412,2072,,
879,1413,2073,,
880,1415,2080,,
881,1421,2081,,
882,1423,2083,,
883,1424,2086,,
884,1425,2096,,
885,1426,2099,,
886,1427,2101,,
887,1428,2107,,
888,1431,2108,,
889,1432,2109,,
890,1435,2111,,
891,1436,2114,,
892,1440,2115,,
893,1441,2116,,
894,1442,2118,,
895,1445,2121,,
896,1447,2124,,
897,1448,2125,,
898,1452,2126,,
899,1453,2127,,
900,1458,2128,,
901,1460,2129,,
902,1461,2130,,
903,1462,2134,,
904,1464,2141,,
905,1465,2146,,
906,1469,2147,,
907,1471,2150,,
908,1472,2151,,
909,1473,2152,,
910,1474,2153,,
911,1476,2154,,
912,1478,2155,,
913,1479,2156,,
914,1480,2157,,
915,1481,2160,,
916,1482,2161,,
917,1484,2162,,
918,1486,2164,,
919,1487,2167,,
920,1488,2168,,
921,1489,2171,,
922,1492,2172,,
923,1493,2176,,
924,1494,2177,,
925,1495,2178,,
926,1496,2179,,
927,1497,2180,,
928,1498,2181,,
929,1500,2182,,
930,1501,2186,,
931,1502,2187,,
932,1503,2188,,
933,1504,2189,,
934,1505,2190,,
935,1507,2192,,
936,1509,2193,,
937,1510,2194,,
938,1511,2195,,
939,1512,2196,,
940,1514,2197,,
941,1515,2200,,
942,1521,2209,,
943,1522,2211,,
944,1523,2214,,
945,1524,2215,,
946,1526,2218,,
947,1527,2219,,
948,1529,2220,,
949,1530,2221,,
950,1531,2222,,
951,1532,2228,,
952,1533,2229,,
953,1534,2232,,
954,1535,2233,,
955,1536,2234,,
956,1538,2237,,
957,1539,2238,,
958,1540,2241,,
959,1541,2243,,
960,1542,2247,,
961,1543,2248,,
962,1545,2249,,
963,1546,2250,,
964,1550,2251,,
965,1552,2258,,
966,1555,2259,,
967,1556,2260,,
968,1558,2261,,
969,1559,2262,,
970,1560,2263,,
971,1561,2264,,
972,1562,2265,,
973,1563,2267,,
974,1564,2268,,
975,1565,2269,,
976,1566,2270,,
977,1567,2271,,
978,1568,2272,,
979,1569,2273,,
980,1570,2274,,
981,1571,2276,,
982,1572,2277,,
983,1573,2278,,
984,1575,2279,,
985,1576,2280,,
986,1577,2281,,
987,1580,2284,,
988,1581,2285,,
989,1584,2286,,
990,1586,2287,,
991,1588,2288,,
992,1590,2289,,
993,1596,2291,,
994,1598,2296,,
995,1600,2298,,
996,1601,2299,,
997,1602,2300,,
998,1604,2301,,
999,1605,2302,,
1000,1606,2303,,
1001,1607,2304,,
1002,1608,2307,,
1003,1609,2310,,
1004,1610,2311,,
1005,1611,2312,,
1006,1613,,,
1007,1615,,,
1008,1616,,,
1009,1618,,,
1010,1620,,,
1011,1622,,,
1012,1633,,,
1013,1634,,,
1014,1635,,,
1015,1636,,,
1016,1637,,,
1017,1639,,,
1018,1645,,,
1019,1646,,,
1020,1647,,,
1021,1648,,,
1022,1652,,,
1023,1653,,,
1024,1657,,,
1025,1658,,,
1026,1659,,,
1027,1661,,,
1028,1662,,,
1029,1663,,,
1030,1665,,,
1031,1669,,,
1032,1672,,,
1033,1673,,,
1034,1674,,,
1035,1676,,,
1036,1680,,,
1037,1681,,,
1038,1683,,,
1039,1684,,,
1040,1685,,,
1041,1686,,,
1042,1687,,,
1043,1688,,,
1044,1691,,,
1045,1692,,,
1046,1694,,,
1047,1695,,,
1048,1699,,,
1049,1700,,,
1050,1701,,,
1051,1703,,,
1052,1704,,,
1053,1705,,,
1054,1707,,,
1055,1708,,,
1056,1711,,,
1057,1716,,,
1058,1717,,,
1059,1719,,,
1060,1722,,,
1061,1723,,,
1062,1724,,,
1063,1725,,,
1064,1727,,,
1065,1728,,,
1066,1729,,,
1067,1731,,,
1068,1733,,,
1069,1734,,,
1070,1735,,,
1071,1736,,,
1072,1738,,,
1073,1741,,,
1074,1742,,,
1075,1745,,,
1076,1746,,,
1077,1747,,,
1078,1748,,,
1079,1749,,,
1080,1750,,,
1081,1755,,,
1082,1758,,,
1083,1759,,,
1084,1760,,,
1085,1761,,,
1086,1762,,,
1087,1763,,,
1088,1764,,,
1089,1765,,,
1090,1766,,,
1091,1767,,,
1092,1768,,,
1093,1769,,,
1094,1772,,,
1095,1773,,,
1096,1775,,,
1097,1777,,,
1098,1778,,,
1099,1779,,,
1100,1780,,,
1101,1781,,,
1102,1782,,,
1103,1784,,,
1104,1785,,,
1105,1786,,,
1106,1788,,,
1107,1789,,,
1108,1790,,,
1109,1791,,,
1110,1792,,,
1111,1793,,,
1112,1794,,,
1113,1795,,,
1114,1796,,,
1115,1797,,,
1116,1798,,,
1117,1799,,,
1118,1800,,,
1119,1801,,,
1120,1802,,,
1121,1805,,,
1122,1806,,,
1123,1807,,,
1124,1808,,,
1125,1809,,,
1126,1810,,,
1127,1811,,,
1128,1812,,,
1129,1814,,,
1130,1816,,,
1131,1818,,,
1132,1819,,,
1133,1820,,,
1134,1821,,,
1135,1823,,,
1136,1828,,,
1137,1829,,,
1138,1831,,,
1139,1832,,,
1140,1833,,,
1141,1834,,,
1142,1835,,,
1143,1839,,,
1144,1840,,,
1145,1841,,,
1146,1842,,,
1147,1845,,,
1148,1846,,,
1149,1849,,,
1150,1850,,,
1151,1851,,,
1152,1854,,,
1153,1856,,,
1154,1859,,,
1155,1860,,,
1156,1861,,,
1157,1863,,,
1158,1867,,,
1159,1868,,,
1160,1869,,,
1161,1870,,,
1162,1872,,,
1163,1874,,,
1164,1875,,,
1165,1876,,,
1166,1877,,,
1167,1879,,,
1168,1880,,,
1169,1882,,,
1170,1884,,,
1171,1886,,,
1172,1887,,,
1173,1888,,,
1174,1889,,,
1175,1891,,,
1176,1894,,,
1177,1896,,,
1178,1897,,,
1179,1898,,,
1180,1900,,,
1181,1903,,,
1182,1904,,,
1183,1906,,,
1184,1907,,,
1185,1909,,,
1186,1911,,,
1187,1912,,,
1188,1913,,,
1189,1914,,,
1190,1915,,,
1191,1916,,,
1192,1917,,,
1193,1919,,,
1194,1920,,,
1195,1921,,,
1196,1922,,,
1197,1923,,,
1198,1924,,,
1199,1925,,,
1200,1926,,,
1201,1927,,,
1202,1928,,,
1203,1929,,,
1204,1932,,,
1205,1934,,,
1206,1935,,,
1207,1936,,,
1208,1937,,,
1209,1938,,,
1210,1940,,,
1211,1941,,,
1212,1942,,,
1213,1943,,,
1214,1944,,,
1215,1945,,,
1216,1946,,,
1217,1947,,,
1218,1948,,,
1219,1949,,,
1220,1950,,,
1221,1951,,,
1222,1953,,,
1223,1954,,,
1224,1955,,,
1225,1956,,,
1226,1957,,,
1227,1958,,,
1228,1959,,,
1229,1961,,,
1230,1962,,,
1231,1964,,,
1232,1965,,,
1233,1966,,,
1234,1967,,,
1235,1968,,,
1236,1969,,,
1237,1972,,,
1238,1973,,,
1239,1975,,,
1240,1977,,,
1241,1978,,,
1242,1979,,,
1243,1980,,,
1244,1981,,,
1245,1983,,,
1246,1984,,,
1247,1985,,,
1248,1986,,,
1249,1987,,,
1250,1988,,,
1251,1989,,,
1252,1991,,,
1253,1992,,,
1254,1993,,,
1255,1994,,,
1256,1996,,,
1257,1998,,,
1258,2001,,,
1259,2003,,,
1260,2005,,,
1261,2006,,,
1262,2008,,,
1263,2009,,,
1264,2010,,,
1265,2014,,,
1266,2015,,,
1267,2016,,,
1268,2020,,,
1269,2021,,,
1270,2022,,,
1271,2023,,,
1272,2024,,,
1273,2027,,,
1274,2029,,,
1275,2031,,,
1276,2034,,,
1277,2035,,,
1278,2036,,,
1279,2037,,,
1280,2039,,,
1281,2040,,,
1282,2041,,,
1283,2043,,,
1284,2044,,,
1285,2045,,,
1286,2046,,,
1287,2047,,,
1288,2048,,,
1289,2049,,,
1290,2050,,,
1291,2051,,,
1292,2053,,,
1293,2055,,,
1294,2057,,,
1295,2058,,,
1296,2059,,,
1297,2060,,,
1298,2062,,,
1299,2064,,,
1300,2066,,,
1301,2068,,,
1302,2069,,,
1303,2071,,,
1304,2072,,,
1305,2073,,,
1306,2074,,,
1307,2076,,,
1308,2079,,,
1309,2080,,,
1310,2081,,,
1311,2082,,,
1312,2083,,,
1313,2085,,,
1314,2086,,,
1315,2091,,,
1316,2092,,,
1317,2095,,,
1318,2096,,,
1319,2099,,,
1320,2100,,,
1321,2101,,,
1322,2106,,,
1323,2107,,,
1324,2108,,,
1325,2109,,,
1326,2111,,,
1327,2113,,,
1328,2114,,,
1329,2115,,,
1330,2116,,,
1331,2118,,,
1332,2120,,,
1333,2121,,,
1334,2123,,,
1335,2124,,,
1336,2125,,,
1337,2126,,,
1338,2127,,,
1339,2128,,,
1340,2129,,,
1341,2130,,,
1342,2133,,,
1343,2134,,,
1344,2138,,,
1345,2140,,,
1346,2141,,,
1347,2145,,,
1348,2146,,,
1349,2147,,,
1350,2150,,,
1351,2151,,,
1352,2152,,,
1353,2153,,,
1354,2154,,,
1355,2155,,,
1356,2156,,,
1357,2157,,,
1358,2159,,,
1359,2160,,,
1360,2161,,,
1361,2162,,,
1362,2163,,,
1363,2164,,,
1364,2166,,,
1365,2167,,,
1366,2168,,,
1367,2170,,,
1368,2171,,,
1369,2172,,,
1370,2175,,,
1371,2176,,,
1372,2177,,,
1373,2178,,,
1374,2179,,,
1375,2180,,,
1376,2181,,,
1377,2182,,,
1378,2184,,,
1379,2186,,,
1380,2187,,,
1381,2188,,,
1382,2189,,,
1383,2190,,,
1384,2192,,,
1385,2193,,,
1386,2194,,,
1387,2195,,,
1388,2196,,,
1389,2197,,,
1390,2199,,,
1391,2200,,,
1392,2203,,,
1393,2205,,,
1394,2207,,,
1395,2209,,,
1396,2211,,,
1397,2212,,,
1398,2213,,,
1399,2214,,,
1400,2215,,,
1401,2217,,,
1402,2218,,,
1403,2219,,,
1404,2220,,,
1405,2221,,,
1406,2222,,,
1407,2226,,,
1408,2227,,,
1409,2228,,,
1410,2229,,,
1411,2231,,,
1412,2232,,,
1413,2233,,,
1414,2234,,,
1415,2236,,,
1416,2237,,,
1417,2238,,,
1418,2241,,,
1419,2243,,,
1420,2246,,,
1421,2247,,,
1422,2248,,,
1423,2249,,,
1424,2250,,,
1425,2251,,,
1426,2253,,,
1427,2255,,,
1428,2258,,,
1429,2259,,,
1430,2260,,,
1431,2261,,,
1432,2262,,,
1433,2263,,,
1434,2264,,,
1435,2265,,,
1436,2266,,,
1437,2267,,,
1438,2268,,,
1439,2269,,,
1440,2270,,,
1441,2271,,,
1442,2272,,,
1443,2273,,,
1444,2274,,,
1445,2275,,,
1446,2276,,,
1447,2277,,,
1448,2278,,,
1449,2279,,,
1450,2280,,,
1451,2281,,,
1452,2283,,,
1453,2284,,,
1454,2285,,,
1455,2286,,,
1456,2287,,,
1457,2288,,,
1458,2289,,,
1459,2290,,,
1460,2291,,,
1461,2293,,,
1462,2295,,,
1463,2296,,,
1464,2297,,,
1465,2298,,,
1466,2299,,,
1467,2300,,,
1468,2301,,,
1469,2302,,,
1470,2303,,,
1471,2304,,,
1472,2306,,,
1473,2307,,,
1474,2309,,,
1475,2310,,,
1476,2311,,,
1477,2312,,,
1478,,,,
1479,,,,
1480,,,,
1481,,,,
1482,,,,
1483,,,,
1484,,,,
1485,,,,
1486,,,,
1487,,,,
1488,,,,
1489,,,,
1490,,,,
1491,,,,
1492,,,,
1493,,,,
1494,,,,
1495,,,,
1496,,,,
1497,,,,
1498,,,,
1499,,,,
1500,,,,
1501,,,,
1502,,,,
1503,,,,
1504,,,,
1505,,,,
1506,,,,
1507,,,,
1508,,,,
1509,,,,
1510,,,,
1511,,,,
1512,,,,
1513,,,,
1514,,,,
1515,,,,
1516,,,,
1517,,,,
1518,,,,
1519,,,,
1520,,,,
1521,,,,
1522,,,,
1523,,,,
1524,,,,
1525,,,,
1526,,,,
1527,,,,
1528,,,,
1529,,,,
1530,,,,
1531,,,,
1532,,,,
1533,,,,
1534,,,,
1535,,,,
1536,,,,
1537,,,,
1538,,,,
1539,,,,
1540,,,,
1541,,,,
1542,,,,
1543,,,,
1544,,,,
1545,,,,
1546,,,,
1547,,,,
1548,,,,
1549,,,,
1550,,,,
1551,,,,
1552,,,,
1553,,,,
1554,,,,
1555,,,,
1556,,,,
1557,,,,
1558,,,,
1559,,,,
1560,,,,
1561,,,,
1562,,,,
1563,,,,
1564,,,,
1565,,,,
1566,,,,
1567,,,,
1568,,,,
1569,,,,
1570,,,,
1571,,,,
1572,,,,
1573,,,,
1574,,,,
1575,,,,
1576,,,,
1577,,,,
1578,,,,
1579,,,,
1580,,,,
1581,,,,
1582,,,,
1583,,,,
1584,,,,
1585,,,,
1586,,,,
1587,,,,
1588,,,,
1589,,,,
1590,,,,
1591,,,,
1592,,,,
1593,,,,
1594,,,,
1595,,,,
1596,,,,
1597,,,,
1598,,,,
1599,,,,
1600,,,,
1601,,,,
1602,,,,
1603,,,,
1604,,,,
1605,,,,
1606,,,,
1607,,,,
1608,,,,
1609,,,,
1610,,,,
1611,,,,
1612,,,,
1613,,,,
1614,,,,
1615,,,,
1616,,,,
1617,,,,
1618,,,,
1619,,,,
1620,,,,
1621,,,,
1622,,,,
1623,,,,
1624,,,,
1625,,,,
1626,,,,
1627,,,,
1628,,,,
1629,,,,
1630,,,,
1631,,,,
1632,,,,
1633,,,,
1634,,,,
1635,,,,
1636,,,,
1637,,,,
1638,,,,
1639,,,,
1640,,,,
1641,,,,
1642,,,,
1643,,,,
1644,,,,
1645,,,,
1646,,,,
1647,,,,
1648,,,,
1649,,,,
1650,,,,
1651,,,,
1652,,,,
1653,,,,
1654,,,,
1655,,,,
1656,,,,
1657,,,,
1658,,,,
1659,,,,
1660,,,,
1661,,,,
1662,,,,
1663,,,,
1664,,,,
1665,,,,
1666,,,,
1667,,,,
1668,,,,
1669,,,,
1670,,,,
1671,,,,
1672,,,,
1673,,,,
1674,,,,
1675,,,,
1676,,,,
1677,,,,
1678,,,,
1679,,,,
1680,,,,
1681,,,,
1682,,,,
1683,,,,
1684,,,,
1685,,,,
1686,,,,
1687,,,,
1688,,,,
1689,,,,
1690,,,,
1691,,,,
1692,,,,
1693,,,,
1694,,,,
1695,,,,
1696,,,,
1697,,,,
1698,,,,
1699,,,,
1700,,,,
1701,,,,
1702,,,,
1703,,,,
1704,,,,
1705,,,,
1706,,,,
1707,,,,
1708,,,,
1709,,,,
1710,,,,
1711,,,,
1712,,,,
1713,,,,
1714,,,,
1715,,,,
1716,,,,
1717,,,,
1718,,,,
1719,,,,
1720,,,,
1721,,,,
1722,,,,
1723,,,,
1724,,,,
1725,,,,
1726,,,,
1727,,,,
1728,,,,
1729,,,,
1730,,,,
1731,,,,
1732,,,,
1733,,,,
1734,,,,
1735,,,,
1736,,,,
1737,,,,
1738,,,,
1739,,,,
1740,,,,
1741,,,,
1742,,,,
1743,,,,
1744,,,,
1745,,,,
1746,,,,
1747,,,,
1748,,,,
1749,,,,
1750,,,,
1751,,,,
1752,,,,
1753,,,,
1754,,,,
1755,,,,
1756,,,,
1757,,,,
1758,,,,
1759,,,,
1760,,,,
1761,,,,
1762,,,,
1763,,,,
1764,,,,
1765,,,,
1766,,,,
1767,,,,
1768,,,,
1769,,,,
1770,,,,
1771,,,,
1772,,,,
1773,,,,
1774,,,,
1775,,,,
1776,,,,
1777,,,,
1778,,,,
1779,,,,
1780,,,,
1781,,,,
1782,,,,
1783,,,,
1784,,,,
1785,,,,
1786,,,,
1787,,,,
1788,,,,
1789,,,,
1790,,,,
1791,,,,
1792,,,,
1793,,,,
1794,,,,
1795,,,,
1796,,,,
1797,,,,
1798,,,,
1799,,,,
1800,,,,
1801,,,,
1802,,,,
1803,,,,
1804,,,,
1805,,,,
1806,,,,
1807,,,,
1808,,,,
1809,,,,
1810,,,,
1811,,,,
1812,,,,
1813,,,,
1814,,,,
1815,,,,
1816,,,,
1817,,,,
1818,,,,
1819,,,,
1820,,,,
1821,,,,
1822,,,,
1823,,,,
1824,,,,
1825,,,,
1826,,,,
1827,,,,
1828,,,,
1829,,,,
1830,,,,
1831,,,,
1832,,,,
1833,,,,
1834,,,,
1835,,,,
1836,,,,
1837,,,,
1838,,,,
1839,,,,
1840,,,,
1841,,,,
1842,,,,
1843,,,,
1844,,,,
1845,,,,
1846,,,,
1847,,,,
1848,,,,
1849,,,,
1850,,,,
1851,,,,
1852,,,,
1853,,,,
1854,,,,
1855,,,,
1856,,,,
1857,,,,
1858,,,,
1859,,,,
1860,,,,
1861,,,,
1862,,,,
1863,,,,
1864,,,,
1865,,,,
1866,,,,
1867,,,,
1868,,,,
1869,,,,
1870,,,,
1871,,,,
1872,,,,
1873,,,,
1874,,,,
1875,,,,
1876,,,,
1877,,,,
1878,,,,
1879,,,,
1880,,,,
1881,,,,
1882,,,,
1883,,,,
1884,,,,
1885,,,,
1886,,,,
1887,,,,
1888,,,,
1889,,,,
1890,,,,
1891,,,,
1892,,,,
1893,,,,
1894,,,,
1895,,,,
1896,,,,
1897,,,,
1898,,,,
1899,,,,
1900,,,,
1901,,,,
1902,,,,
1903,,,,
1904,,,,
1905,,,,
1906,,,,
1907,,,,
1908,,,,
1909,,,,
1910,,,,
1911,,,,
1912,,,,
1913,,,,
1914,,,,
1915,,,,
1916,,,,
1917,,,,
1918,,,,
1919,,,,
1920,,,,
1921,,,,
1922,,,,
1923,,,,
1924,,,,
1925,,,,
1926,,,,
1927,,,,
1928,,,,
1929,,,,
1930,,,,
1931,,,,
1932,,,,
1933,,,,
1934,,,,
1935,,,,
1936,,,,
1937,,,,
1938,,,,
1939,,,,
1940,,,,
1941,,,,
1942,,,,
1943,,,,
1944,,,,
1945,,,,
1946,,,,
1947,,,,
1948,,,,
1949,,,,
1950,,,,
1951,,,,
1952,,,,
1953,,,,
1954,,,,
1955,,,,
1956,,,,
1957,,,,
1958,,,,
1959,,,,
1960,,,,
1961,,,,
1962,,,,
1963,,,,
1964,,,,
1965,,,,
1966,,,,
1967,,,,
1968,,,,
1969,,,,
1970,,,,
1971,,,,
1972,,,,
1973,,,,
1974,,,,
1975,,,,
1976,,,,
1977,,,,
1978,,,,
1979,,,,
1980,,,,
1981,,,,
1982,,,,
1983,,,,
1984,,,,
1985,,,,
1986,,,,
1987,,,,
1988,,,,
1989,,,,
1990,,,,
1991,,,,
1992,,,,
1993,,,,
1994,,,,
1995,,,,
1996,,,,
1997,,,,
1998,,,,
1999,,,,
2000,,,,
2001,,,,
2002,,,,
2003,,,,
2004,,,,
2005,,,,
2006,,,,
2007,,,,
2008,,,,
2009,,,,
2010,,,,
2011,,,,
2012,,,,
2013,,,,
2014,,,,
2015,,,,
2016,,,,
2017,,,,
2018,,,,
2019,,,,
2020,,,,
2021,,,,
2022,,,,
2023,,,,
2024,,,,
2025,,,,
2026,,,,
2027,,,,
2028,,,,
2029,,,,
2030,,,,
2031,,,,
2032,,,,
2033,,,,
2034,,,,
2035,,,,
2036,,,,
2037,,,,
2038,,,,
2039,,,,
2040,,,,
2041,,,,
2042,,,,
2043,,,,
2044,,,,
2045,,,,
2046,,,,
2047,,,,
2048,,,,
2049,,,,
2050,,,,
2051,,,,
2052,,,,
2053,,,,
2054,,,,
2055,,,,
2056,,,,
2057,,,,
2058,,,,
2059,,,,
2060,,,,
2061,,,,
2062,,,,
2063,,,,
2064,,,,
2065,,,,
2066,,,,
2067,,,,
2068,,,,
2069,,,,
2070,,,,
2071,,,,
2072,,,,
2073,,,,
2074,,,,
2075,,,,
2076,,,,
2077,,,,
2078,,,,
2079,,,,
2080,,,,
2081,,,,
2082,,,,
2083,,,,
2084,,,,
2085,,,,
2086,,,,
2087,,,,
2088,,,,
2089,,,,
2090,,,,
2091,,,,
2092,,,,
2093,,,,
2094,,,,
2095,,,,
2096,,,,
2097,,,,
2098,,,,
2099,,,,
2100,,,,
2101,,,,
2102,,,,
2103,,,,
2104,,,,
2105,,,,
2106,,,,
2107,,,,
2108,,,,
2109,,,,
2110,,,,
2111,,,,
2112,,,,
2113,,,,
2114,,,,
2115,,,,
2116,,,,
2117,,,,
2118,,,,
2119,,,,
2120,,,,
2121,,,,
2122,,,,
2123,,,,
2124,,,,
2125,,,,
2126,,,,
2127,,,,
2128,,,,
2129,,,,
2130,,,,
2131,,,,
2132,,,,
2133,,,,
2134,,,,
2135,,,,
2136,,,,
2137,,,,
2138,,,,
2139,,,,
2140,,,,
2141,,,,
2142,,,,
2143,,,,
2144,,,,
2145,,,,
2146,,,,
2147,,,,
2148,,,,
2149,,,,
2150,,,,
2151,,,,
2152,,,,
2153,,,,
2154,,,,
2155,,,,
2156,,,,
2157,,,,
2158,,,,
2159,,,,
2160,,,,
2161,,,,
2162,,,,
2163,,,,
2164,,,,
2165,,,,
2166,,,,
2167,,,,
2168,,,,
2169,,,,
2170,,,,
2171,,,,
2172,,,,
2173,,,,
2174,,,,
2175,,,,
2176,,,,
2177,,,,
2178,,,,
2179,,,,
2180,,,,
2181,,,,
2182,,,,
2183,,,,
2184,,,,
2185,,,,
2186,,,,
2187,,,,
2188,,,,
2189,,,,
2190,,,,
2191,,,,
2192,,,,
2193,,,,
2194,,,,
2195,,,,
2196,,,,
2197,,,,
2198,,,,
2199,,,,
2200,,,,
2201,,,,
2202,,,,
2203,,,,
2204,,,,
2205,,,,
2206,,,,
2207,,,,
2208,,,,
2209,,,,
2210,,,,
2211,,,,
2212,,,,
2213,,,,
2214,,,,
2215,,,,
2216,,,,
2217,,,,
2218,,,,
2219,,,,
2220,,,,
2221,,,,
2222,,,,
2223,,,,
2224,,,,
2225,,,,
2226,,,,
2227,,,,
2228,,,,
2229,,,,
2230,,,,
2231,,,,
2232,,,,
2233,,,,
2234,,,,
2235,,,,
2236,,,,
2237,,,,
2238,,,,
2239,,,,
2240,,,,
2241,,,,
2242,,,,
2243,,,,
2244,,,,
2245,,,,
2246,,,,
2247,,,,
2248,,,,
2249,,,,
2250,,,,
2251,,,,
2252,,,,
2253,,,,
2254,,,,
2255,,,,
2256,,,,
2257,,,,
2258,,,,
2259,,,,
2260,,,,
2261,,,,
2262,,,,
2263,,,,
2264,,,,
2265,,,,
2266,,,,
2267,,,,
2268,,,,
2269,,,,
2270,,,,
2271,,,,
2272,,,,
2273,,,,
2274,,,,
2275,,,,
2276,,,,
2277,,,,
2278,,,,
2279,,,,
2280,,,,
2281,,,,
2282,,,,
2283,,,,
2284,,,,
2285,,,,
2286,,,,
2287,,,,
2288,,,,
2289,,,,
2290,,,,
2291,,,,
2292,,,,
2293,,,,
2294,,,,
2295,,,,
2296,,,,
2297,,,,
2298,,,,
2299,,,,
2300,,,,
2301,,,,
2302,,,,
2303,,,,
2304,,,,
2305,,,,
2306,,,,
2307,,,,
2308,,,,
2309,,,,
2310,,,,
2311,,,,
2312,,,,
2313,,,,
2314,,,,
